Workbook

Sheet Read Me
A1: Wrestling Drill Finder
A3: Compiled date | B3: 2026-04-20
A4: What this file is | B4: A best-effort YouTube search index of freestyle, folkstyle, and Greco-Roman wrestling drills and drill-related videos, organized into separate sheets and categories.
A5: How to use it | B5: Open the Freestyle, Folkstyle, or Greco-Roman sheet and use the filter arrows. To focus on direct drills, filter the Format column to values like 'Drill' or 'Drill / Conditioning'.
A6: Scope note | B6: Because 'all drills' is very broad, this workbook includes direct drill videos plus high-value technique, series, and playlist links that are useful for building practice plans.
A7: Columns | B7: Category, Subcategory, Format, Video Title, YouTube URL, Notes
A10: Included sheets
A11: Freestyle Drill Links | B11: Freestyle-specific and freestyle-compatible drill links
A12: Folkstyle Drill Links | B12: Folkstyle drills plus top/bottom position resources
A13: Greco-Roman Drill Links | B13: Greco pummeling, throws, defense, and par terre links
A15: Tips | B15: The Summary sheet shows total counts and category counts for each style. Playlist rows are included so you can expand a category further on YouTube.
A17: Latest update | B17: Added more Folkstyle and Greco-Roman drill links on 2026-04-20.

Sheet Summary
A1: Wrestling Drill Workbook Summary
A3: Style | B3: Video Count | C3: Notes
A4: Freestyle | B4: =COUNTA('Freestyle Drill Links'!$A:$A)-1 | C4: Includes direct drills plus useful technique/playlist links
A5: Folkstyle | B5: =COUNTA('Folkstyle Drill Links'!$A:$A)-1 | C5: Includes direct drills plus useful technique/playlist links
A6: Greco-Roman | B6: =COUNTA('Greco-Roman Drill Links'!$A:$A)-1 | C6: Includes direct drills plus useful technique/playlist links
A9: Freestyle categories
A10: Category | B10: Video Count | C10: Notes
A11: Stance / Motion / Shadow Wrestling | B11: =COUNTIF('Freestyle Drill Links'!$A:$A,A11) | C11: Use filters on the main sheet to narrow further
A12: Hand Fighting / Tie-Ups | B12: =COUNTIF('Freestyle Drill Links'!$A:$A,A12) | C12: Use filters on the main sheet to narrow further
A13: Single Leg / Low Single | B13: =COUNTIF('Freestyle Drill Links'!$A:$A,A13) | C13: Use filters on the main sheet to narrow further
A14: Double Leg / High Crotch | B14: =COUNTIF('Freestyle Drill Links'!$A:$A,A14) | C14: Use filters on the main sheet to narrow further
A15: Arm Drag / Duck Under / 2-on-1 | B15: =COUNTIF('Freestyle Drill Links'!$A:$A,A15) | C15: Use filters on the main sheet to narrow further
A16: Snap Down / Front Headlock / Go-Behind | B16: =COUNTIF('Freestyle Drill Links'!$A:$A,A16) | C16: Use filters on the main sheet to narrow further
A17: Defense / Sprawl / Counter-Offense | B17: =COUNTIF('Freestyle Drill Links'!$A:$A,A17) | C17: Use filters on the main sheet to narrow further
A18: Par Terre Offense - Gut Wrench | B18: =COUNTIF('Freestyle Drill Links'!$A:$A,A18) | C18: Use filters on the main sheet to narrow further
A19: Par Terre Offense - Leg Lace / Ankle Lace | B19: =COUNTIF('Freestyle Drill Links'!$A:$A,A19) | C19: Use filters on the main sheet to narrow further
A20: Par Terre Defense | B20: =COUNTIF('Freestyle Drill Links'!$A:$A,A20) | C20: Use filters on the main sheet to narrow further
A21: Mat Returns / Balance / Warm-up | B21: =COUNTIF('Freestyle Drill Links'!$A:$A,A21) | C21: Use filters on the main sheet to narrow further
A24: Folkstyle categories
A25: Category | B25: Video Count | C25: Notes
A26: Stance / Motion / Penetration | B26: =COUNTIF('Folkstyle Drill Links'!$A:$A,A26) | C26: Use filters on the main sheet to narrow further
A27: Hand Fighting / Setups | B27: =COUNTIF('Folkstyle Drill Links'!$A:$A,A27) | C27: Use filters on the main sheet to narrow further
A28: Single Leg / High Crotch / Double Leg | B28: =COUNTIF('Folkstyle Drill Links'!$A:$A,A28) | C28: Use filters on the main sheet to narrow further
A29: Front Headlock / Snap Down / Go-Behind | B29: =COUNTIF('Folkstyle Drill Links'!$A:$A,A29) | C29: Use filters on the main sheet to narrow further
A30: Bottom Escapes / Reversals | B30: =COUNTIF('Folkstyle Drill Links'!$A:$A,A30) | C30: Use filters on the main sheet to narrow further
A31: Top Control / Breakdowns / Tilts | B31: =COUNTIF('Folkstyle Drill Links'!$A:$A,A31) | C31: Use filters on the main sheet to narrow further
A32: Curriculum / Playlists | B32: =COUNTIF('Folkstyle Drill Links'!$A:$A,A32) | C32: Use filters on the main sheet to narrow further
A35: Greco-Roman categories
A36: Category | B36: Video Count | C36: Notes
A37: Position / Pummeling / Hand Fighting | B37: =COUNTIF('Greco-Roman Drill Links'!$A:$A,A37) | C37: Use filters on the main sheet to narrow further
A38: Underhooks / Arm Drags / Slide Bys | B38: =COUNTIF('Greco-Roman Drill Links'!$A:$A,A38) | C38: Use filters on the main sheet to narrow further
A39: Throws / Upper-Body Attacks | B39: =COUNTIF('Greco-Roman Drill Links'!$A:$A,A39) | C39: Use filters on the main sheet to narrow further
A40: Par Terre Offense | B40: =COUNTIF('Greco-Roman Drill Links'!$A:$A,A40) | C40: Use filters on the main sheet to narrow further
A41: Par Terre Defense | B41: =COUNTIF('Greco-Roman Drill Links'!$A:$A,A41) | C41: Use filters on the main sheet to narrow further
A42: Defense / Counter-Offense | B42: =COUNTIF('Greco-Roman Drill Links'!$A:$A,A42) | C42: Use filters on the main sheet to narrow further
A43: Conditioning / Training | B43: =COUNTIF('Greco-Roman Drill Links'!$A:$A,A43) | C43: Use filters on the main sheet to narrow further
A44: Curriculum / Playlists | B44: =COUNTIF('Greco-Roman Drill Links'!$A:$A,A44) | C44: Use filters on the main sheet to narrow further

Sheet Freestyle Drill Links
A1: Category | B1: Subcategory | C1: Format | D1: Video Title | E1: YouTube URL | F1: Notes
A2: Stance / Motion / Shadow Wrestling | B2: Stance & movement | C2: Drill | D2: Fundamental Freestyle Wrestling - Stance and Movement | E2: https://www.youtube.com/watch?v=obpDBOdRKdo | F2: Found via YouTube search for stance/motion drills
A3: Stance / Motion / Shadow Wrestling | B3: Stance & movement | C3: Drill | D3: How to Stance and Motion Drills for Wrestling | Learn from an Olympic Athlete | E3: https://www.youtube.com/watch?v=yPqVw66hzwA | F3: Drill-focused stance and motion
A4: Stance / Motion / Shadow Wrestling | B4: Level change & footwork | C4: Technique / Series | D4: Level Change Stance & Motion | E4: https://www.youtube.com/watch?v=NgU3JbFtUNE | F4: Footwork and stance motion
A5: Stance / Motion / Shadow Wrestling | B5: Penetration step | C5: Technique / Series | D5: Wrestling Basics - Penetration Step by Adam Wheeler | E5: https://www.youtube.com/watch?v=74LN3ev3TAs | F5: Basic penetration mechanics
A6: Stance / Motion / Shadow Wrestling | B6: Penetration step | C6: Drill | D6: Wrestling Drills: Henry Cejudo Develop Posture Position and Penetration | E6: https://www.youtube.com/watch?v=zZvcJqDhtOo | F6: Drill-based posture and penetration
A7: Stance / Motion / Shadow Wrestling | B7: Shadow wrestling | C7: Drill | D7: Shadow Wrestling Drill - Cary Kolat Wrestling Moves | E7: https://www.youtube.com/watch?v=AdU9T_YldUA | F7: Solo freestyle-compatible shadow drill
A8: Stance / Motion / Shadow Wrestling | B8: Shadow wrestling | C8: Drill | D8: Shadow Wrestling Drills: Fake/Move/Shoot | E8: https://www.youtube.com/watch?v=4ay-Yn9ISRA | F8: Angle creation and shot entry
A9: Stance / Motion / Shadow Wrestling | B9: Solo practice | C9: Drill | D9: Solo Drills: Shadow Wrestling | E9: https://www.youtube.com/watch?v=LKg0l08xWis | F9: Solo practice session
A10: Stance / Motion / Shadow Wrestling | B10: Home practice | C10: Warm-up | D10: 5 Min Shadow Wrestling At Home Workout | E10: https://www.youtube.com/watch?v=AcuY4qygdKk | F10: Quick home freestyle prep
A11: Stance / Motion / Shadow Wrestling | B11: Home practice | C11: Technique / Series | D11: Shadow-Wrestling Home Practice 1 | E11: https://www.youtube.com/watch?v=70sMHh7rcPw | F11: At-home shadow reps
A12: Hand Fighting / Tie-Ups | B12: Hand fighting | C12: Technique / Series | D12: The Hand Fighting Blueprint Every Wrestler Needs | E12: https://www.youtube.com/watch?v=ARX9ru4Z294 | F12: Hand-fighting foundations
... A109: Mat Returns / Balance / Warm-up | B109: General drills | C109: Drill | D109: Basic Wrestling Drills - Jason Nolf | Technique Tuesday | E109: https://www.youtube.com/watch?v=KMZuUyQarXk | F109: Foundational drill bank

Sheet Folkstyle Drill Links
A1: Category | B1: Subcategory | C1: Format | D1: Video Title | E1: YouTube URL | F1: Notes
A2: Stance / Motion / Penetration | B2: Stance | C2: Technique | D2: Level 1 - Folkstyle Core Curriculum - Stance | E2: https://www.youtube.com/watch?v=crvfcKsaN0g | F2: USA Wrestling core curriculum
A3: Stance / Motion / Penetration | B3: Motion | C3: Technique | D3: Level 1 - Folkstyle Core Curriculum - Motion | E3: https://www.youtube.com/watch?v=6Ao2yUZolSA | F3: USA Wrestling core curriculum
A4: Stance / Motion / Penetration | B4: Penetration step | C4: Technique | D4: Level 1 - Folkstyle Core Curriculum - Penetration Step | E4: https://www.youtube.com/watch?v=3fAryvfNF8U | F4: USA Wrestling core curriculum
A5: Hand Fighting / Setups | B5: Stuff head | C5: Technique | D5: Level 1 - Folkstyle Core Curriculum - Stuff Head | E5: https://www.youtube.com/watch?v=3FcPEw86RIM | F5: Basic defense/setup drill
A6: Hand Fighting / Setups | B6: Wrist tie | C6: Technique | D6: Level 1 - Folkstyle Core Curriculum - Wrist Tie | E6: https://www.youtube.com/watch?v=VLxgXl0cIXk | F6: Basic tie-up position
A7: Hand Fighting / Setups | B7: Snap & spin | C7: Technique | D7: Level 1 - Folkstyle Core Curriculum - Snap & Spin | E7: https://www.youtube.com/watch?v=fUARd8ssOVE | F7: Short offense / go-behind entry
A8: Single Leg / High Crotch / Double Leg | B8: Single leg | C8: Technique | D8: Level 1 - Folkstyle Core Curriculum - Single Leg | E8: https://www.youtube.com/watch?v=0BPnLWYBY1I | F8: Basic leg attack
A9: Single Leg / High Crotch / Double Leg | B9: Double leg | C9: Technique | D9: Level 1 - Folkstyle Core Curriculum - Double Leg | E9: https://www.youtube.com/watch?v=8FyeXO4rviw | F9: Basic leg attack
A10: Single Leg / High Crotch / Double Leg | B10: Sweep single | C10: Technique | D10: Level 2 - Folkstyle Core Curriculum - Sweep Single Tree Top Finish | E10: https://www.youtube.com/watch?v=pG5WynBZRhU | F10: Level 2 finish
A11: Single Leg / High Crotch / Double Leg | B11: High crotch | C11: Technique | D11: Level 2 - Folkstyle Core Curriculum - High Crotch Pop Finish | E11: https://www.youtube.com/watch?v=GwRZj65x2xE | F11: Level 2 finish
A12: Single Leg / High Crotch / Double Leg | B12: Fireman's carry | C12: Technique | D12: Level 2 - Folkstyle Core Curriculum - Fireman's Carry Kelly Dump | E12: https://www.youtube.com/watch?v=-X-AyCR4zC0 | F12: Level 2 attack
... A44: Riding / Pressure | B44: Claw ride defense | C44: Technique | D44: Bottom Position Claw Ride Defense for Wrestling! | E44: https://www.youtube.com/watch?v=KfTLybeuQJU | F44: Useful folkstyle top/bottom defense resource

Sheet Greco-Roman Drill Links
A1: Category | B1: Subcategory | C1: Format | D1: Video Title | E1: YouTube URL | F1: Notes
A2: Position / Pummeling / Hand Fighting | B2: General intro | C2: Technique / Series | D2: 4 Simple Greco-Roman Techniques with Rob Hermann | E2: https://www.youtube.com/watch?v=zdZmnWfERxM | F2: Useful intro set for Greco practice
A3: Position / Pummeling / Hand Fighting | B3: Neutral pummel drills | C3: Drill | D3: Level 2 - Greco-Roman Core Curriculum - Neutral Position Pummel Drills | E3: https://www.youtube.com/watch?v=TNs87dImae8 | F3: USA Wrestling core curriculum
A4: Position / Pummeling / Hand Fighting | B4: Pummeling warm-up | C4: Drill | D4: Pummeling Warm Up Drills | E4: https://www.youtube.com/watch?v=bA19FDpmNPw | F4: Warm-up / partner drill
A5: Position / Pummeling / Hand Fighting | B5: Hand fighting | C5: Technique | D5: The Hand Fighting Blueprint Every Wrestler Needs | Wrestling | E5: https://www.youtube.com/watch?v=ARX9ru4Z294 | F5: General hand-fighting resource applicable to Greco
A6: Position / Pummeling / Hand Fighting | B6: Head position | C6: Technique | D6: Wrestling Head Position Tips by Brandon Sorensen | E6: https://www.youtube.com/watch?v=wHB918afc4k | F6: Head-position details
A7: Underhooks / Arm Drags / Slide Bys | B7: Single underhook setup | C7: Technique | D7: Level 2 - Greco-Roman Core Curriculum - Neutral Position Set ups to a Single Underhook | E7: https://www.youtube.com/watch?v=TNs87dImae8 | F7: Search result showed this lesson in the Greco curriculum
A8: Underhooks / Arm Drags / Slide Bys | B8: Arm-drag / slide-by progression | C8: Playlist | D8: Core Curriculum Level 2 - Greco-Roman | E8: https://www.youtube.com/playlist?list=PLDo9M4UVhQm6qCDzr01gHBv_fOiCWDnMP | F8: Playlist includes pummeling to arm drag and slide-by lessons
A9: Throws / Upper-Body Attacks | B9: Top 5 moves | C9: Technique / Series | D9: Top 5 Wrestling Moves *GRECO* w/ Olympian Payton Jacobson | E9: https://www.youtube.com/watch?v=PrtVLRzJFPk | F9: Upper-body scoring ideas
A10: Throws / Upper-Body Attacks | B10: Throwing system | C10: Technique / Series | D10: A Complete Throwing System | From a Greco-Roman ... | E10: https://www.youtube.com/watch?v=0MRi94zwJq8 | F10: Throw-focused resource
A11: Throws / Upper-Body Attacks | B11: Lat whip | C11: Technique | D11: How to Throw in Greco-Roman Wrestling - Lat Whip | E11: https://www.youtube.com/watch?v=GJKif27ZJLA | F11: 2-on-1 to throw
A12: Throws / Upper-Body Attacks | B12: Headlock | C12: Technique | D12: How to Throw a Headlock - Greco-Roman Wrestling Technique | E12: https://www.youtube.com/watch?v=JKDe2O6K0_c | F12: Classic Greco throw
... A37: Par Terre / Gut Wrench | B37: Gutwrench arch | C37: Technique | D37: Wrestling Moves KOLAT.COM Gutwrench Arch | E37: https://www.youtube.com/watch?v=PVGS8OIaELU | F37: Finishing mechanics for the turn
